{
  "test_accuracy": 0.8643410852713178,
  "top3_accuracy": 0.9728682170542635,
  "macro_f1": 0.8391175527880308,
  "macro_precision": 0.8456404966626273,
  "macro_recall": 0.8425767054789396,
  "per_class": {
    "cardboard": {
      "precision": 0.9487179487179487,
      "recall": 0.9024390243902439,
      "f1-score": 0.925,
      "support": 41.0
    },
    "glass": {
      "precision": 0.9302325581395349,
      "recall": 0.7843137254901961,
      "f1-score": 0.851063829787234,
      "support": 51.0
    },
    "metal": {
      "precision": 0.7142857142857143,
      "recall": 0.9523809523809523,
      "f1-score": 0.8163265306122449,
      "support": 42.0
    },
    "paper": {
      "precision": 0.9032258064516129,
      "recall": 0.9333333333333333,
      "f1-score": 0.9180327868852459,
      "support": 60.0
    },
    "plastic": {
      "precision": 0.9523809523809523,
      "recall": 0.8163265306122449,
      "f1-score": 0.8791208791208791,
      "support": 49.0
    },
    "trash": {
      "precision": 0.625,
      "recall": 0.6666666666666666,
      "f1-score": 0.6451612903225806,
      "support": 15.0
    }
  }
}