{
  "train_loss": [
    5.838401263043032,
    4.466032756587206,
    4.237079935558771,
    3.80561539884341,
    3.338996200238244,
    3.2800033314753385,
    2.9579983383922253,
    2.923071386450428,
    2.743782456648552,
    2.65323422318798,
    2.5588138275227306,
    2.340511696823573,
    2.3874255277342717,
    2.3708511752597357,
    2.2639096025693215,
    2.204420663542667,
    2.042392984285193,
    2.0668575955649553,
    2.0713355803893783,
    2.1063520777023443,
    1.9802906200037165,
    2.033263368121648,
    1.9199124493841397,
    1.9849256216469457
  ],
  "train_acc": [
    0.3781779661016949,
    0.4872881355932203,
    0.4909957627118644,
    0.4994703389830508,
    0.5789194915254238,
    0.5911016949152542,
    0.6175847457627118,
    0.6128177966101694,
    0.6488347457627118,
    0.6504237288135594,
    0.6440677966101694,
    0.6875,
    0.6673728813559322,
    0.676906779661017,
    0.691207627118644,
    0.6890889830508474,
    0.7065677966101694,
    0.7065677966101694,
    0.715572033898305,
    0.7065677966101694,
    0.7086864406779662,
    0.7060381355932204,
    0.7229872881355932,
    0.694385593220339
  ],
  "val_loss": [
    2.44872654211616,
    2.058694490703411,
    1.7879351567210189,
    1.75418234630352,
    1.5630538830390344,
    1.5760156779453671,
    1.5641455707246492,
    1.5020869967159605,
    1.4140377044677734,
    1.4852245353577307,
    1.4330460190456806,
    1.3931795412412689,
    1.422075289313926,
    1.344423196043829,
    1.3198618654863272,
    1.279654888638767,
    1.1995692240464593,
    1.243693288504603,
    1.3184437132008195,
    1.3005031932254052,
    1.3461464684585045,
    1.273805699867026,
    1.3545919976120602,
    1.2714343823551815
  ],
  "val_acc": [
    0.6419098143236074,
    0.7082228116710876,
    0.7082228116710876,
    0.7400530503978779,
    0.7957559681697612,
    0.7957559681697612,
    0.8063660477453581,
    0.8143236074270557,
    0.843501326259947,
    0.8594164456233422,
    0.8594164456233422,
    0.8726790450928382,
    0.8726790450928382,
    0.8726790450928382,
    0.8938992042440318,
    0.8992042440318302,
    0.9071618037135278,
    0.8992042440318302,
    0.8992042440318302,
    0.896551724137931,
    0.8859416445623343,
    0.8938992042440318,
    0.8992042440318302,
    0.8992042440318302
  ]
}